<?xml version="1.0" encoding="utf-8" standalone="yes"?>
<rss version="2.0" xmlns:atom="http://www.w3.org/2005/Atom">
  <channel>
    <title>Preisinformationen | conholdate.com</title>
    <link>https://pricing-ch.netlify.app/de/</link>
    <description>Recent content on Preisinformationen | conholdate.com</description>
    <generator>Hugo -- gohugo.io</generator>
    <language>de</language>
    <lastBuildDate>Wed, 31 May 2023 00:00:00 +0000</lastBuildDate><atom:link href="https://pricing-ch.netlify.app/de/index.xml" rel="self" type="application/rss+xml" />
    <item>
      <title></title>
      <link>https://pricing-ch.netlify.app/de/knowledgebase/why-our-api-is-a-smart-investment/</link>
      <pubDate>Tue, 30 May 2023 00:00:00 +0000</pubDate>
      
      <guid>https://pricing-ch.netlify.app/de/knowledgebase/why-our-api-is-a-smart-investment/</guid>
      <description>Picture this: You have a mountain of documents on your desk, waiting to be processed. The sheer volume is overwhelming, and you can feel your productivity slipping away. But what if there was a solution? A tool that could unlock the true potential of your documents and transform the way you do business. Well, look no further because our API is here to revolutionize your document management. In this article, we will delve into the reasons why purchasing our API is a smart investment for your business.</description>
    </item>
    
    <item>
      <title></title>
      <link>https://pricing-ch.netlify.app/de/aspose-barcode-1d-writer-for-net/</link>
      <pubDate>Mon, 01 Jan 0001 00:00:00 +0000</pubDate>
      
      <guid>https://pricing-ch.netlify.app/de/aspose-barcode-1d-writer-for-net/</guid>
      <description></description>
    </item>
    
    <item>
      <title></title>
      <link>https://pricing-ch.netlify.app/de/conholdate-total-for-net/</link>
      <pubDate>Mon, 01 Jan 0001 00:00:00 +0000</pubDate>
      
      <guid>https://pricing-ch.netlify.app/de/conholdate-total-for-net/</guid>
      <description></description>
    </item>
    
    <item>
      <title></title>
      <link>https://pricing-ch.netlify.app/de/knowledgebase/streamline-document-processing/</link>
      <pubDate>Wed, 31 May 2023 00:00:00 +0000</pubDate>
      
      <guid>https://pricing-ch.netlify.app/de/knowledgebase/streamline-document-processing/</guid>
      <description>Imagine a world where document processing is effortless, efficient, and productive. A world where time-consuming tasks such as document conversion, manipulation, and rendering become a breeze. Well, stop imagining because our powerful API is here to make it a reality! In this article, we will explore how our API can streamline your document processing workflows, unlock efficiency, and boost productivity like never before.
Understanding the Challenges Let&amp;rsquo;s face it, handling documents can be a tedious and time-consuming process.</description>
    </item>
    
    <item>
      <title></title>
      <link>https://pricing-ch.netlify.app/de/aspose-barcode-1d-reader-for-net/</link>
      <pubDate>Mon, 01 Jan 0001 00:00:00 +0000</pubDate>
      
      <guid>https://pricing-ch.netlify.app/de/aspose-barcode-1d-reader-for-net/</guid>
      <description></description>
    </item>
    
    <item>
      <title></title>
      <link>https://pricing-ch.netlify.app/de/conholdate-total-for-java/</link>
      <pubDate>Mon, 01 Jan 0001 00:00:00 +0000</pubDate>
      
      <guid>https://pricing-ch.netlify.app/de/conholdate-total-for-java/</guid>
      <description></description>
    </item>
    
    <item>
      <title></title>
      <link>https://pricing-ch.netlify.app/de/aspose-barcode-2d-writer-for-net/</link>
      <pubDate>Mon, 01 Jan 0001 00:00:00 +0000</pubDate>
      
      <guid>https://pricing-ch.netlify.app/de/aspose-barcode-2d-writer-for-net/</guid>
      <description></description>
    </item>
    
    <item>
      <title></title>
      <link>https://pricing-ch.netlify.app/de/aspose-barcode-2d-reader-for-net/</link>
      <pubDate>Mon, 01 Jan 0001 00:00:00 +0000</pubDate>
      
      <guid>https://pricing-ch.netlify.app/de/aspose-barcode-2d-reader-for-net/</guid>
      <description></description>
    </item>
    
    <item>
      <title></title>
      <link>https://pricing-ch.netlify.app/de/conholdate-total-product-family/</link>
      <pubDate>Mon, 01 Jan 0001 00:00:00 +0000</pubDate>
      
      <guid>https://pricing-ch.netlify.app/de/conholdate-total-product-family/</guid>
      <description></description>
    </item>
    
  </channel>
</rss>
