<?xml version="1.0" encoding="utf-8" standalone="yes"?>
<rss version="2.0" xmlns:atom="http://www.w3.org/2005/Atom">
  <channel>
    <title>Tags on Information sur les prix | conholdate.com</title>
    <link>https://pricing-ch.netlify.app/fr/tags/</link>
    <description>Recent content in Tags on Information sur les prix | conholdate.com</description>
    <generator>Hugo -- gohugo.io</generator>
    <language>fr</language><atom:link href="https://pricing-ch.netlify.app/fr/tags/index.xml" rel="self" type="application/rss+xml" />
  </channel>
</rss>
