<?xml version="1.0" encoding="utf-8" standalone="yes"?>
<rss version="2.0" xmlns:atom="http://www.w3.org/2005/Atom">
  <channel>
    <title>Metered-pricings on 価格情報 | conholdate.com</title>
    <link>https://purchase-qa.conholdate.com/pricing.conholdate/ja/metered-pricing/</link>
    <description>Recent content in Metered-pricings on 価格情報 | conholdate.com</description>
    <generator>Hugo -- gohugo.io</generator>
    <language>ja</language><atom:link href="https://purchase-qa.conholdate.com/pricing.conholdate/ja/metered-pricing/index.xml" rel="self" type="application/rss+xml" />
  </channel>
</rss>
