<?xml version="1.0" encoding="utf-8" standalone="yes"?>
<rss version="2.0" xmlns:atom="http://www.w3.org/2005/Atom">
  <channel>
    <title>定价信息 | conholdate.com</title>
    <link>https://purchase-qa.conholdate.com/pricing.conholdate/zh/metered-pricing/metered-small-business/</link>
    <description>Recent content on 定价信息 | conholdate.com</description>
    <generator>Hugo -- gohugo.io</generator>
    <language>zh</language><atom:link href="https://purchase-qa.conholdate.com/pricing.conholdate/zh/metered-pricing/metered-small-business/index.xml" rel="self" type="application/rss+xml" />
  </channel>
</rss>
