<?xml version="1.0" encoding="utf-8" standalone="yes"?>
<rss version="2.0" xmlns:atom="http://www.w3.org/2005/Atom">
  <channel>
    <title>価格情報 | conholdate.com</title>
    <link>https://pricing-ch.netlify.app/ja/metered-pricing/metered-oem/</link>
    <description>Recent content on 価格情報 | conholdate.com</description>
    <generator>Hugo -- gohugo.io</generator>
    <language>ja</language><atom:link href="https://pricing-ch.netlify.app/ja/metered-pricing/metered-oem/index.xml" rel="self" type="application/rss+xml" />
  </channel>
</rss>
